ActualName,DestinationLookUp,
A Koduru,A Koduru,TRUE
Adarsh Nagar,Adarsh Nagar,TRUE
Old Dairy Farm,Adarsh Nagar,FALSE
Adduru,Adduru,TRUE
Adivivaram,Adivivaram,TRUE
Aganampudi ,Aganampudi ,TRUE
Aganampudi Tollgate,Aganampudi ,FALSE
Agraharam,Agraharam,TRUE
ajanagiri,ajanagiri,TRUE
ajanagiri colony,ajanagiri,FALSE
Akkayyapalem,Akkayyapalem,TRUE
Akkayyapalem Highway,Akkayyapalem,FALSE
Akkireddipalem,Akkireddipalem,TRUE
Allipuram,Allipuram,TRUE
AMAL College Junction,AMAL College Junction,TRUE
amanam,amanam,TRUE
Ambedkar Colony,Ambedkar Colony,TRUE
Ambedkar Nagar,Ambedkar Nagar,TRUE
American Hospital,American Hospital,TRUE
AMG School/ College,AMG School/ College,TRUE
Amrutapuram,Amrutapuram,TRUE
Anakapalle - RTC Complex,Anakapalle - RTC Complex,TRUE
Anakapalle ByPass Road,Anakapalle ByPass Road,TRUE
Anakapalle Court (near Vizianagaram Road),Anakapalle Court (near Vizianagaram Road),TRUE
Anakapalle Four Road Junction,Anakapalle Four Road Junction,TRUE
Anandapuram ,Anandapuram ,TRUE
Anandapuram Junction ,Anandapuram Junction ,TRUE
Anantapuram (Near Devarapalli),Anantapuram (Near Devarapalli),TRUE
Ananthavaram ,Ananthavaram ,TRUE
Ananthavaram Centre,Ananthavaram ,FALSE
Andhra University Register Office,Andhra University Register Office,TRUE
AU IN GATE,AU IN GATE,TRUE
AU OUTGATE,AU OUTGATE,TRUE
Andhra University Register Office,Andhra University,FALSE
AU IN GATE,Andhra University,FALSE
AU OUTGATE,Andhra University,FALSE
ANITS College,ANITS College,TRUE
Anjali Murthy Nagar 3rd Line ,Anjali Murthy Nagar 3rd Line ,TRUE
Ankajosyulapalem,Ankajosyulapalem,TRUE
Anthakapalli,Anthakapalli,TRUE
APHB Colony Main ,APHB Colony Main ,TRUE
Appannapalem (Near Gosthani River),Appannapalem (Near Gosthani River),TRUE
Appannapalem (Simhapuri Colony),Appannapalem (Simhapuri Colony),TRUE
Appikonda,Appikonda,TRUE
Appughar,Appughar,TRUE
Appughar(MVP MainRoad Junction),Appughar,FALSE
AQJ College,AQJ College,TRUE
Ardhannapalem,Ardhannapalem,TRUE
Arilova,Arilova,TRUE
Arilova Colony,Arilova,FALSE
Aripaka,Aripaka,TRUE
Arli,Arli,TRUE
Arli Junction,Arli,FALSE
Arts College,Arts College,TRUE
Aruna Zute Mills,Aruna Zute Mills,TRUE
Asakapalli,Asakapalli,TRUE
Ashok Nagar ,Ashok Nagar ,TRUE
Asilmetta Junction,Asilmetta Junction,TRUE
Sampath Vinayaka Temple,Asilmetta Junction,FALSE
Auto Nagar ,Auto Nagar ,TRUE
Avanthi Engineering College,Avanthi Engineering College,TRUE
Ayyannapalem,Ayyannapalem,TRUE
Baba bazar (Lawsons Bay Colony),Baba bazar (Lawsons Bay Colony),TRUE
Baji Junction ,Baji Junction ,TRUE
Bakkannapalem,Bakkannapalem,TRUE
Balaganapathi Temple ,Balaganapathi Temple ,TRUE
Balaji Nagar,Balaji Nagar,TRUE
BalaKrishna ,BalaKrishna ,TRUE
Bennavaram ,Bennavaram ,TRUE
Bhimili (Dhora thota),Bheemili,FALSE
Bhimili Police Station,Bheemili Police Station,FALSE
Bhimili RTC Complex,Bheemili RTC Complex,FALSE
Bheemunipatnam Y Junction (Cross Roads),Bheemunipatnam Y Junction (Cross Roads),TRUE
Bhimili (Dhora thota),Bhimili,FALSE
Bhimili Police Station,Bhimili Police Station,TRUE
Bhimili RTC Complex,Bhimili RTC Complex,TRUE
Bheemunipatnam Y Junction (Cross Roads),Bhimili Y Junction (Cross Roads),FALSE
Bhogapuram,Bhogapuram,TRUE
BHPV ,BHPV ,TRUE
Birla ,Birla ,TRUE
Boddapalem,Boddapalem,TRUE
Boddavalasa,Boddavalasa,TRUE
Boravanipalem,Boravanipalem,TRUE
Boyapalem ,Boyapalem ,TRUE
BRTS,BRTS,TRUE
Buchirajupalem,Buchirajupalem,TRUE
Bullayya College (Towards Rama Talkies),Bullayya College (Towards Rama Talkies),TRUE
Bullayya College (Towards Satyam Computers),Bullayya College (Towards Satyam Computers),TRUE
Bullayya College (Towards Rama Talkies),Bullayya College,FALSE
Bullayya College (Towards Satyam Computers),Bullayya College,FALSE
Burmanguda ,Burmanguda ,TRUE
Butchiyyapeta ,Butchiyyapeta ,TRUE
BVK College,BVK College,TRUE
Bypureddypalem ,Bypureddypalem ,TRUE
Carshed,Carshed,TRUE
PMPalem Chaitanya College,PMPalem Chaitanya College,TRUE
PMPalem Chaitanya College,Carshed,FALSE
Century Club ,Century Club ,TRUE
Chaitanya School (Pedhagantyada),Chaitanya School (Pedhagantyada),TRUE
Chandana Bros ,Chandana Bros ,TRUE
Chandrampalem ZP High School,Chandrampalem ZP High School,TRUE
chandrayyapeta,chandrayyapeta,TRUE
Chavulamadam,Chavulamadam,TRUE
Convent Junction,Chavulamadam,FALSE
Cheemala Palli,Cheemala Palli,TRUE
Cheemala Palli,Chimala Palli,FALSE
Chinagadili,Chinagadili,TRUE
Chinagudipala,Chinagudipala,TRUE
Chinappannapalem,Chinappannapalem,TRUE
chinayathapalem,chinayathapalem,TRUE
Chinna Gantyada ,Chinna Gantyada ,TRUE
Chinna Rushikonda,Chinna Rushikonda,TRUE
Chinna Waltair,Chinna Waltair,TRUE
Chinnamushudiwada,Chinnamushudiwada,TRUE
Savitri Nagar,Chinnamushudiwada,FALSE
Vuda Colony (Near Chinnamushudiwada),Chinnamushudiwada,FALSE
Chinnapalem,Chinnapalem,TRUE
Chinnapuram Junction,Chinnapuram Junction,TRUE
Chinnaraopalli,Chinnaraopalli,TRUE
Chinnayyapalem,Chinnayyapalem,TRUE
Chintagatla,Chintagatla,TRUE
Chintala Agraharam,Chintala Agraharam,TRUE
Chintaladimma,Chintaladimma,TRUE
Chintalagraharam (Near Vepagunta),Chintalagraharam (Near Vepagunta),TRUE
Chinthalapalem,Chinthalapalem,TRUE
Chodavaram,Chodavaram,TRUE
Purna Theatre,Chodavaram,FALSE
Choultry,Choultry,TRUE
CISF Children Park,CISF Children Park,TRUE
CMR Central,CMR Central,TRUE
Collector Office ,Collector Office ,TRUE
Chavulamadam,Chavulamadam,TRUE
Chavulamadam,Convent Junction,FALSE
Convent Junction,Convent Junction,TRUE
Coromandal Gate,Coromandal Gate,TRUE
CWC ,CWC ,TRUE
D YellavaramJunction ,D YellavaramJunction ,TRUE
Daba Gardens,Daba Gardens,TRUE
Dasarivanipalem,Dasarivanipalem,TRUE
Dayal Nagar,Dayal Nagar,TRUE
Desa pathrunipalem (near Steel Plant),Desa pathrunipalem (near Steel Plant),TRUE
Desa patrunipalem (near Kothavalasa),Desa patrunipalem (near Kothavalasa),TRUE
Devada,Devada,TRUE
Devada (Devarapalle Road),Devada,FALSE
Devarapalle,Devarapalle,TRUE
Devipuram,Devipuram,TRUE
Devipuram Highway,Devipuram,FALSE
Dhayala Nagar (104 Area),Dhayala Nagar (104 Area),TRUE
Bhimili (Dhora thota),Dhora Thota,FALSE
Dhora thota,Dhora thota,TRUE
Dhora thota (near Bheemili),Dhora thota,FALSE
Dibbapalem R.H Colony,Dibbapalem R.H Colony,TRUE
District Judge Court ,District Judge Court ,TRUE
District Judge Court ,District Judge Court ,TRUE
Divis,Divis,TRUE
Dockyard,Dockyard,TRUE
NDV,NDV,TRUE
NDV,Dockyard,FALSE
Dolphin Office,Dolphin Office,TRUE
Dondaparthy ,Dondaparthy ,TRUE
Dondaparthy (Railway New Colony Road),Dondaparthy ,FALSE
Dondapudi,Dondapudi,TRUE
Dosuru,Dosuru,TRUE
Drgada ,Drgada ,TRUE
Duddupalem Junction,Duddupalem Junction,TRUE
Dukkavanipalem,Dukkavanipalem,TRUE
Durga Bazar,Durga Bazar,TRUE
Durga Temple,Durga Temple,TRUE
Duvvada Bridge,Duvvada Bridge,TRUE
Duvvada Railway Station,Duvvada Railway Station,TRUE
East Point Colony,East Point Colony,TRUE
Eenadu ,Eenadu ,TRUE
Eenadu (Towards Satyam Junction),Eenadu ,FALSE
EMP X Roads (Lankelapalem Junction),EMP X Roads (Lankelapalem Junction),TRUE
Endada,Endada,TRUE
Endada (beach Rd),Endada,FALSE
Endada Petrol Bunk,Endada,FALSE
Endamilli  ,Endamilli  ,TRUE
Erukunaidupalem,Erukunaidupalem,TRUE
Essar,Essar,TRUE
Ex-Service Men Colony,Ex-Service Men Colony,TRUE
Eye Care Opticals ,Eye Care Opticals ,TRUE
Fakeertakiya,Fakeertakiya,TRUE
Fifth Town Police Station ,Fifth Town Police Station ,TRUE
Fishing Harbour,Fishing Harbour,TRUE
Four Road Junction  ,Four Road Junction  ,TRUE
Fourth Town Police Station,Fourth Town Police Station,TRUE
Gajuwaka Bus Depot,Gajuwaka Bus Depot,TRUE
Gali bheemavaram,Gali bheemavaram,TRUE
Gandhinagaram ,Gandhinagaram ,TRUE
Gandigundam,Gandigundam,TRUE
Gandipalem,Gandipalem,TRUE
Gangadevipate ,Gangadevipate ,TRUE
Gangavaram Colony,Gangavaram,FALSE
Gangavaram Junction,Gangavaram,FALSE
Garava Jaggayyapalem,Garava Jaggayyapalem,TRUE
Gas Company (Anakapalle Rd),Gas Company (Anakapalle Rd),TRUE
Gas Company (Gas Authority of India),Gas Company (Gas Authority of India),TRUE
Gavara Anakapalle ,Gavara Anakapalle ,TRUE
Geddapeta Junction,Geddapeta Junction,TRUE
Ghat Road (Madugula),Ghat Road (Madugula),TRUE
Gidijala,Gidijala,TRUE
Gidijala Center,Gidijala,FALSE
Giribabu Bypureddy ,Giribabu Bypureddy ,TRUE
East Point Colony,Girijan Corporation,FALSE
Gitam,Gitam,TRUE
Gitam University (Entrance),Gitam,FALSE
Gnanapuram,Gnanapuram,TRUE
Gnanapuram (near Waltair Railway Station),Gnanapuram,FALSE
Gokivada,Gokivada,TRUE
Gokivada Junction Bus Station,Gokivada,FALSE
Golden Layout (Saripalli),Golden Layout (Saripalli),TRUE
Gollalapalem Bus Station,Gollalapalem Bus Station,TRUE
Gollapalem,Gollapalem,TRUE
Gopalapatnam ,Gopalapatnam ,TRUE
Gorlevanipalem,Gorlevanipalem,TRUE
Gotivada,Gotivada,TRUE
Govada,Govada,TRUE
Governer Bungalow,Governer Bungalow,TRUE
Govindapalem,Govindapalem,TRUE
Gowri Nagar Junction,Gowri Nagar Junction,TRUE
Gowripatham ,Gowripatham ,TRUE
Green City,Green City,TRUE
Green Park,Green Park,TRUE
Gudilova,Gudilova,TRUE
Gudilova Hostel,Gudilova,FALSE
Gullepalle,Gullepalle,TRUE
Gullepalle Junction,Gullepalle,FALSE
Guntaseema Bus Station,Guntaseema Bus Station,TRUE
Gurudwara,Gurudwara,TRUE
GVMC ,GVMC ,TRUE
Hanumanthawaka,Hanumanthawaka,TRUE
Hanumanthawaka (Near Market Yard),Hanumanthawaka,FALSE
Haripalem,Haripalem,TRUE
HB Colony Last ,HB Colony Last ,TRUE
MMTC,MMTC,TRUE
MMTC,HB Colony Post Office,FALSE
HCC Company,HCC Company,TRUE
Housing Board (PM Palem),Housing Board (PM Palem),TRUE
ITI Junction,ITI Junction,TRUE
ITI Junction,Industrial Estate,FALSE
INS Circars,INS Circars,TRUE
INS Kalinga ,INS Kalinga ,TRUE
INS Satavahana,INS Satavahana,TRUE
Iruvada,Iruvada,TRUE
Islampeta,Islampeta,TRUE
Isukathota,Isukathota,TRUE
IT Park,IT Park,TRUE
ITI Junction,ITI Junction,TRUE
J K Layout,J K Layout,TRUE
Jagadamba ,Jagadamba ,TRUE
Chandana Bros ,Chandana Bros ,TRUE
Lepakshi,Lepakshi,TRUE
Chandana Bros ,Jagadamba ,FALSE
Lepakshi,Jagadamba ,FALSE
Jail Road ,Jail Road ,TRUE
Jail Road Junction,Jail Road ,FALSE
Jajulavanipalem,Jajulavanipalem,TRUE
Jammi Devara Peta,Jammi Devara Peta,TRUE
Nallabilli,Nallabilli,TRUE
Nallabilli,Jammi Devara Peta,FALSE
Janatha Colony,Janatha Colony,TRUE
Jangala Palem ,Jangala Palem ,TRUE
Jangalapalem near Gotivada,Jangalapalem near Gotivada,TRUE
Jangalapalli,Jangalapalli,TRUE
Jeerupeta Rayapalem Post,Jeerupeta Rayapalem Post,TRUE
Jerripothulapalem,Jerripothulapalem,TRUE
Jodugulla Palem,Jodugulla Palem,TRUE
Jonnada,Jonnada,TRUE
CMR Central,Judge court,FALSE
District Judge Court ,Judge Court,FALSE
Judge Court ,Judge Court ,TRUE
K Chandrayyapeta,K Chandrayyapeta,TRUE
K Kotapadu,K Kotapadu,TRUE
K Santapalem ,K Santapalem ,TRUE
Kailasagiri,Kailasagiri,TRUE
Kailasagiri Rope Way,Kailasagiri Rope Way,TRUE
Kailasagiri Rope Way,Kailasagiri,FALSE
Kailaspuram,Kailaspuram,TRUE
Kakani Nagar,Kakani Nagar,TRUE
Kakani Nagar ,Kakani Nagar ,TRUE
Kakarlova,Kakarlova,TRUE
Kakatiya ITI Junction,Kakatiya ITI Junction,TRUE
Kalapaka,Kalapaka,TRUE
Kalapaka Junction,Kalapaka Junction,TRUE
Kalinganagar ,Kalinganagar ,TRUE
Zoo Park (Front Gate),Kambalkonda,FALSE
Kancharapalem ,Kancharapalem ,TRUE
Kancharapalem (Muthyamamba Temple),Kancharapalem ,FALSE
Kantakapalli,Kantakapalli,TRUE
Kantakapalli Railway Station Road,Kantakapalli,FALSE
Karasa ,Karasa ,TRUE
Karnavani Palem Bustop 1,Karnavani palem,FALSE
Karnavani Palem Bustop 2,Karnavani palem,FALSE
Kasimkota ,Kasimkota ,TRUE
Kasipuram,Kasipuram,TRUE
Kata ,Kata ,TRUE
KG Penta1,KG Penta,FALSE
KG Penta2,KG Penta,FALSE
KGH ,KGH ,TRUE
KGH Out-Patient GATE,KGH Out-Patient GATE,TRUE
Khandivaram Village,Khandivaram Village,TRUE
Kokkira palli,Kokkira palli,TRUE
Kollivanipalem,Kollivanipalem,TRUE
Kommadi Junction,Kommadi Junction,TRUE
Kommadi Village,Kommadi Village,TRUE
Kondakarla Junction,Kondakarla Junction,TRUE
Konnuru,Konnuru,TRUE
Koppaka ,Koppaka ,TRUE
Korada ,Korada ,TRUE
Koruvada,Koruvada,TRUE
Kuruvada,Koruvada,FALSE
Kotavuratla ,Kotavuratla ,TRUE
Kotha Kovvada Road,Kotha Kovvada Road,TRUE
KothaKota,KothaKota,TRUE
Kothapatnam,Kothapatnam,TRUE
Kothavalasa,Kothavalasa,TRUE
Kothavalasa Junction,Kothavalasa Junction,TRUE
Kothavalasa Railway Station,Kothavalasa Railway Station,TRUE
Kothuru Anakapalle,Kothuru Anakapalle,TRUE
Kothuru Junction,Kothuru Junction,TRUE
Kotta nagavaram,Kotta nagavaram,TRUE
Kottha Yellavaram ,Kottha Yellavaram ,TRUE
Kotturu,Kotturu,TRUE
Kovvada,Kovvada,TRUE
Koyyalapadu Junction,Koyyalapadu Junction,TRUE
Kranthi Nagar,Kranthi Nagar,TRUE
Krishna College Road,Krishna College Road,TRUE
Krishna Nagar Bhimili,Krishna Nagar Bhimili,TRUE
Krishna Puram,Krishna Puram,TRUE
Krishnampuram,Krishnampuram,TRUE
Krishnaraya puram,Krishnaraya puram,TRUE
Kummapalle,Kummapalle,TRUE
Kurmannapalem - RTC Complex,Kurmannapalem,FALSE
Kurmannapalem Bus Station,Kurmannapalem,FALSE
Kurpam Market,Kurpam Market,TRUE
Kurupam Circle,Kurupam Circle,TRUE
Kuruvada,Kuruvada,TRUE
Koruvada,Kuruvada,FALSE
Lagisettipalem,Lagisettipalem,TRUE
Lakshmi Talkies,Lakshmi Talkies,TRUE
Lakshmipuram Village,Lakshmipuram Village,TRUE
Lankavani palem,Lankavani palem,TRUE
EMP X Roads (Lankelapalem Junction),EMP X Roads (Lankelapalem Junction),TRUE
EMP X Roads (Lankelapalem Junction),Lankelapalem,FALSE
Lankelapalem (North Towards Kannuru),Lankelapalem,FALSE
Lankelapalem (South Towards Parawada),Lankelapalem,FALSE
Law College,Law College,TRUE
Lawsons Bay,Lawsons Bay,TRUE
Lawsons Bay (Towards Vuda Park),Lawsons Bay,FALSE
Leela Krishna Toyota,Leela Krishna Toyota,TRUE
Lemarthi,Lemarthi,TRUE
Lendi College,Lendi College,TRUE
Lepakshi,Lepakshi,TRUE
lingala tirugudu ,lingala tirugudu ,TRUE
Lions Club,Lions Club,TRUE
Ramnagar,Lions Club,FALSE
Ramnagar,Ramnagar,TRUE
Lopudi,Lopudi,TRUE
Maddi,Maddi,TRUE
Maddi Road ,Maddi Road ,TRUE
Maddilapalem (Sai Ram Hotel),Maddilapalem,FALSE
Maddilapalem Depot,Maddilapalem,FALSE
Madhavadhara ,Madhavadhara ,TRUE
Madhavadhara (Near Sree Kanaka Durga Function Hall),Madhavadhara ,FALSE
Madhurawada Depot,Madhurawada Depot,TRUE
Madhurawada Depot,Madhurwada,FALSE
Madhurwada,Madhurwada,TRUE
Madhurwada Junction,Madhurwada Junction,TRUE
Madhurwada Junction,Madhurwada,FALSE
Chandrampalem ZP High School,Chandrampalem ZP High School,TRUE
Chandrampalem ZP High School,Madhurwada,FALSE
Madhusudana Nagar,Madhusudana Nagar,TRUE
Madugula,Madugula,TRUE
Maharajupeta Junction,Maharajupeta Junction,TRUE
Maharani peta,Maharani peta,TRUE
Mahati English Medium School Bus Stop,Mahati English Medium School Bus Stop,TRUE
Mahati English Medium School Bus Stop,Pavani Medicals,FALSE
Majjivalasa,Majjivalasa,TRUE
Malapalli Junction ,Malapalli Junction ,TRUE
Malkapuram,Malkapuram,TRUE
Mallinaidu palem,Mallinaidu palem,TRUE
Mamidilova,Mamidilova,TRUE
Sontyam,Sontyam,TRUE
Sontyam,Mamidilova,FALSE
Manchala Village ,Manchala Village ,TRUE
Mangalapalem,Mangalapalem,TRUE
Mangalapalem Highway,Mangalapalem,FALSE
Mangamari peta,Mangamari peta,TRUE
Marikavalasa,Marikavalasa,TRUE
Marikavalasa Highway,Marikavalasa,FALSE
Marripalem ,Marripalem ,TRUE
Marripalem ,Marripalem ,TRUE
Marripalem (104 Area),Marripalem (104 Area),TRUE
Marripalem (Gali Bheemavaram),Marripalem (Gali Bheemavaram),TRUE
Masjid ,Masjid ,TRUE
Medivada Village ,Medivada Village ,TRUE
Mental Hospital,Mental Hospital,TRUE
Mettapalem,Mettapalem,TRUE
Mindi,Mindi,TRUE
Mindivani palem,Mindivani palem,TRUE
Missionary School (Kommadi),Missionary School (Kommadi),TRUE
Mithilapuri Vuda Colony,Mithilapuri Vuda Colony,TRUE
MMTC,MMTC,TRUE
MMTC,MMTC,TRUE
Modhavalasa,Modhavalasa,TRUE
Mogalipuram,Mogalipuram,TRUE
Moolapeta ,Moolapeta ,TRUE
Mopada,Mopada,TRUE
Mudasarlova,Mudasarlova,TRUE
Mulagapudi ,Mulagapudi ,TRUE
Munagapaaka,Munagapaaka,TRUE
Municipal Stadium (Pata Bus Stand),Municipal Stadium (Pata Bus Stand),TRUE
Muralinagar (Burma Colony),Muralinagar (Burma Colony),TRUE
Muralinagar (Nehru Nagar),Muralinagar (Nehru Nagar),TRUE
Musiram,Musiram,TRUE
Mutcherla,Mutcherla,TRUE
MVP Bus Depot (Rythu Bazaar),MVP Bus Depot,FALSE
MVP Colony Bus Depot (Muvvalavanipalem (Depot)),MVP Bus Depot,FALSE
MVP Circle,MVP Circle,TRUE
MVP Colony (Vijaya Hospitals),MVP Colony (Vijaya Hospitals),TRUE
MVP Gothisons,MVP Gothisons,TRUE
Naamavaram ,Naamavaram ,TRUE
NAD ,NAD ,TRUE
Nadupuru,Nadupuru,TRUE
Nadupuru Dairy colony,Nadupuru,FALSE
Nagarapalem,Nagarapalem,TRUE
Naidu Thota,Naidu Thota,TRUE
Naidu Thota Junction ,Naidu Thota Junction ,TRUE
Naidupalem,Naidupalem,TRUE
Nakkapalli Bus Station,Nakkapalli Bus Station,TRUE
Nallabilli,Nallabilli,TRUE
Nallabilli,Nallabilli,TRUE
Jammi Devara Peta,Nallabilli,FALSE
Nammidoddi Junction,Nammidoddi Junction,TRUE
Narapadu,Narapadu,TRUE
Narapam (Devada Rd),Narapam (Devada Rd),TRUE
Narayanapuram,Narayanapuram,TRUE
Narsipatnam - RTC Complex,Narsipatnam - RTC Complex,TRUE
Narsipatnam Bus Depot,Narsipatnam - RTC Complex,FALSE
Nathayyapalem,Nathayyapalem,TRUE
Nathayyapalem Highway,Nathayyapalem,FALSE
Nausana Baugh Entrance,Nausena Baugh,FALSE
Nausena Baugh,Nausena Baugh,TRUE
NDV,NDV,TRUE
Neelakantarajapuram,Neelakantarajapuram,TRUE
Neelakundeelu,Neelakundeelu,TRUE
New Gajuwaka ,New Gajuwaka ,TRUE
New Gajuwaka Market ,New Gajuwaka ,FALSE
New Gajuwaka Theatres ,New Gajuwaka ,FALSE
NGGO Colony,NGGO Colony,TRUE
Nookalamma Temple,Nookalamma Temple,TRUE
Rythu Bazaar,Nookalamma Temple ,FALSE
NTPC Deepanjalinagar,NTPC Deepanjalinagar,TRUE
NTPC Visakhapatnam,NTPC Visakhapatnam,TRUE
Nunaparti,Nunaparti,TRUE
Chodavaram (Old Bus Stand),Chodavaram (Old Bus Stand),TRUE
Old Bus Stand (Narsipatnam),Old Bus Stand (Narsipatnam),TRUE
Old Bus Stand (Venkannapalem),Old Bus Stand (Venkannapalem),TRUE
Old Bypureddypalem ,Old Bypureddypalem ,TRUE
Old CBI,Old CBI,TRUE
Old Dairy Farm,Old Dairy Farm,TRUE
Adarsh Nagar,Old Dairy Farm,FALSE
Adarsh Nagar,Old Dairy Farm,FALSE
Old Gajuwaka,Old Gajuwaka,TRUE
Old Gajuwaka MainRoad ,Old Gajuwaka,FALSE
Old Head Post Office (OHPO),Old Head Post Office (OHPO),TRUE
One Town,One Town,TRUE
One Town (Towards OHPO),One Town,FALSE
Paderu - RTC Complex,Paderu - RTC Complex,TRUE
Padmanabham ,Padmanabham ,TRUE
Palavalasa,Palavalasa,TRUE
Panchadarla,Panchadarla,TRUE
Pandrangi,Pandrangi,TRUE
Panthulugari Meda ,Panthulugari Meda ,TRUE
Paradesipalem,Paradesipalem,TRUE
Parawada,Parawada,TRUE
Parawada Cinema Hall,Parawada Cinema Hall,TRUE
Parawada MRO Office,Parawada MRO Office,TRUE
Parawada Sub Station,Parawada Sub Station,TRUE
Chinnayyapalem,Chinnayyapalem,TRUE
Chinnayyapalem,Pataroad,FALSE
Patha Kovvada,Patha Kovvada,TRUE
Mahati English Medium School Bus Stop,Pavani Medicals,FALSE
Pavani Medicals,Pavani Medicals,TRUE
Peda Narava,Peda Narava,TRUE
Pedabayalu ,Pedabayalu ,TRUE
Pedagadhili,Pedagadhili,TRUE
Pedagantyada ,Pedagantyada ,TRUE
Pedamusidivada,Pedamusidivada,TRUE
Pedamusidivada Highway,Pedamusidivada,FALSE
Pedaraopalli,Pedaraopalli,TRUE
Pedda Rushikonda,Pedda Rushikonda,TRUE
Pedda Waltair,Pedda Waltair,TRUE
Pedda Waltair (Towards Mental Hospital),Pedda Waltair (Towards Mental Hospital),TRUE
Peddapalem ,Peddapalem ,TRUE
Peddipalem,Peddipalem,TRUE
Pendurthi,Pendurthi,TRUE
Pendurthi (Narsipatnam Road),Pendurthi (Narsipatnam Road),TRUE
Pendurthi General Hospital,Pendurthi General Hospital,TRUE
Pendurthi Govt. Junior College ,Pendurthi Govt. Junior College ,TRUE
Pendurthi Main Junction ,Pendurthi Main Junction ,TRUE
PF Office,PF Office,TRUE
Pinagadi Junction,Pinagadi Junction,TRUE
Pine Apple Colony,Pine Apple Colony,TRUE
Pittavanipalem,Pittavanipalem,TRUE
PMPalem Chaitanya College,PMPalem Chaitanya College,TRUE
PMPalem Chaitanya College,PMPalem Chaitanya College,TRUE
Police Barracks ,Police Barracks ,TRUE
Polipalli,Polipalli,TRUE
Polipalli Junction,Polipalli Junction,TRUE
Porlupalem,Porlupalem,TRUE
Port Gymkhana (Old Bus Stand),Port Gymkhana (Old Bus Stand),TRUE
Port Hospital,Port Hospital,TRUE
Port Hospital ,Port Hospital ,TRUE
Port Hospital (Port Quarters),Port Hospital (Port Quarters),TRUE
Pothinamallayya Palem First Stop (P M Palem),Pothinamallayyapalem (PM Palem),FALSE
Pothinamallayya Palem Last Stop (P M Palem),Pothinamallayyapalem (PM Palem),FALSE
Prahaladapuram ,Prahaladapuram ,TRUE
Prahaladapuram (Near Varahalakshmi Simha Swamy Ashram),Prahaladapuram ,FALSE
Punjab Hotel,Punjab Hotel,TRUE
Purna Market (Near Municipal Stadium),Purna Market (Near Municipal Stadium),TRUE
Punjab Hotel ,Punjab Hotel ,TRUE
Purna Market ,Purna Market ,TRUE
Purna Theatre,Purna Theatre,TRUE
Purushothapuram,Purushothapuram,TRUE
Purushottapuram (Purushottam),Purushottapuram (Purushottam),TRUE
Pydah College,Pydah College,TRUE
Pydiwada,Pydiwada,TRUE
Pydiwada Agraharam,Pydiwada Agraharam,TRUE
R & B ,R & B ,TRUE
R K Beach ,R K Beach ,TRUE
R K Beach (Kali Temple),R K Beach ,FALSE
R K Beach - Submarine,R K Beach - Submarine,TRUE
R K Beach (Kali Temple),R K Beach (Kali Temple),TRUE
Raavikamatham,Raavikamatham,TRUE
Raghu Engineering College,Raghu Engineering College,TRUE
Railway New Colony,Railway New Colony,TRUE
Raiwada,Raiwada,TRUE
Rajannapalem,Rajannapalem,TRUE
Rajiv Nagar,Rajiv Nagar,TRUE
Rajiv Nagar Centre,Rajiv Nagar,FALSE
Rajula Tallavalasa ,Rajula Tallavalasa ,TRUE
Rajupeta,Rajupeta,TRUE
Rama Talkies ,Rama Talkies ,TRUE
Ramakrishna Puram (R K Puram),Ramakrishna Puram (R K Puram),TRUE
Ramalayam (P M Palem),Ramalayam (P M Palem),TRUE
Ramanarayanam,Ramanarayanam,TRUE
Ramapadu,Ramapadu,TRUE
Ramavaram,Ramavaram,TRUE
Ramayogi Agraharam,Ramayogi Agraharam,TRUE
Rambilli,Rambilli,TRUE
Lions Club,Ramnagar,FALSE
Ramapuram Road ,Rampuram,FALSE
Rampuram,Rampuram,TRUE
Pinagadi Junction,Rampuram Road,FALSE
Ravindra Nagar,Ravindra Nagar,TRUE
Ravulammapalem,Ravulammapalem,TRUE
Reading Room Junction,Reading Room Junction,TRUE
Rebbaka,Rebbaka,TRUE
Rell veedi,Rell veedi,TRUE
RMHP,RMHP,TRUE
RTC Colony,RTC Colony,TRUE
RTC Complex LIC Building,RTC Complex LIC Building,TRUE
Rythu Bazaar,Rythu Bazaar,TRUE
Nookalamma Temple ,Rythu Bazaar,FALSE
Sabbavaram Register Office,Sabbavaram Register Office,TRUE
Sabbavaram RTC Complex,Sabbavaram RTC Complex,TRUE
Sagar Nagar,Sagar Nagar,TRUE
Sagar Nagar (Local),Sagar Nagar,FALSE
Sairam Colony (Kommadi),Sairam Colony (Kommadi),TRUE
Salagramapuram (Port Quarters),Salagramapuram (Port Quarters),TRUE
Salagramapuram (Santhi Nagar),Salagramapuram (Santhi Nagar),TRUE
Salapuvanipalem ,Salapuvanipalem ,TRUE
Asilmetta Junction,sampath vinayaka Temple,FALSE
Sampath Vinayaka Temple,Sampath Vinayaka Temple,TRUE
Sangam Office ,Sangam Office ,TRUE
Sanghivalasa Colony ,Sanghivalasa Colony ,TRUE
Sanjeev Colony,Sanjeev Colony,TRUE
Sanjiva Metta,Sanjiva Metta,TRUE
Sankaram,Sankaram,TRUE
Sankaram (Anakapalle),Sankaram (Anakapalle),TRUE
Sankaram (Madugula),Sankaram (Madugula),TRUE
Santapalem,Santapalem,TRUE
Saraswati Park ,Saraswati Park ,TRUE
Saripalli,Saripalli,TRUE
Satyam Junction,Satyam Junction,TRUE
Satyanagar ,Satyanagar ,TRUE
Fifth Town Police Station ,Fifth Town Police Station ,TRUE
Fifth Town Police Station ,Satyanagar ,FALSE
Savaravilli,Savaravilli,TRUE
Chinnamushudiwada,Chinnamushudiwada,TRUE
Chinnamushudiwada,Savitri Nagar,FALSE
Scindia,Scindia,TRUE
Scindia Junction,Scindia,FALSE
Scindia New Colony,Scindia,FALSE
Scindia Junction,Scindia Junction,TRUE
Scindia New Colony,Scindia New Colony,TRUE
Sector K,Sector K,TRUE
Seetanagaram,Seetanagaram,TRUE
Seethammadara NE ,Seethammadhara,FALSE
Seethammadhara,Seethammadhara,TRUE
Seethammadhara (Towards Satyam Computers),Seethammadhara,FALSE
Seethammadhara (Towards Venkojipalem),Seethammadhara,FALSE
Seethammapeta,Seethammapeta,TRUE
Seethayyapeta ,Seethayyapeta ,TRUE
Sheela Nagar Bus Shelter,Sheela Nagar,FALSE
Sheela Nagar Bus Shelter (local),Sheela Nagar,FALSE
Simhachalam - RTC Complex,Simhachalam - RTC Complex,TRUE
Simhachalam Devasthanam Bus Depot,Simhachalam Devasthanam Bus Depot,TRUE
Simhachalam Dhevasthanam Ghoshala,Simhachalam Dhevasthanam Ghoshala,TRUE
Simhachalam Hill Curve,Simhachalam Hill Curve,TRUE
Simhachalam Hills,Simhachalam Hills,TRUE
Simhachalam Hospital,Simhachalam Hospital,TRUE
Simhadri (Donkada),Simhadri (Donkada),TRUE
simhapuri Colony,simhapuri Colony,TRUE
Singannadorapalem,Singannadorapalem,TRUE
Singavaram,Singavaram,TRUE
Sirasapalli,Sirasapalli,TRUE
Siripuram ,Siripuram ,TRUE
Sirlapalem,Sirlapalem,TRUE
Sirlapalem (Kovvudu - Maddi Road),Sirlapalem (Kovvudu - Maddi Road),TRUE
Sontyam,Sontyam,TRUE
Mamidilova,Sontyam,FALSE
Sontyam X Roads,Sontyam X Roads,TRUE
Sramasakthi Nagar ,Sramasakthi Nagar ,TRUE
Sri Nagar Street ,Sri Nagar Street ,TRUE
Sriharipuram,Sriharipuram,TRUE
SrikanakaMahalaxmi ,SrikanakaMahalaxmi ,TRUE
Srinagar ,Srinagar ,TRUE
Srinivasa Nagar (Simhachalam),Srinivasa Nagar (Simhachalam),TRUE
SRMT,SRMT,TRUE
St Joseph,St Joseph,TRUE
St. Joseph College,St. Joseph College,TRUE
Steel Plant Twp - CPS,Steel Plant Twp - CPS,TRUE
Steel Plant Twp - DAV Public School,Steel Plant Twp - DAV Public School,TRUE
Steel Plant Twp - Hospital,Steel Plant Twp - Hospital,TRUE
Steel Plant Twp - Indhira Gandhi Park ,Steel Plant Twp - Indhira Gandhi Park ,TRUE
Steel Plant Twp - Kanithi Road,Steel Plant Twp - Kanithi Road,TRUE
Steel Plant Twp - Main Gate,Steel Plant Twp - Main Gate,TRUE
Steel Plant Twp - Market ,Steel Plant Twp - Market ,TRUE
Steel Plant Twp - Sector 1 ,Steel Plant Twp - Sector 1 ,TRUE
Steel Plant Twp - Sector 11 ,Steel Plant Twp - Sector 11 ,TRUE
Steel Plant Twp - Sector 12,Steel Plant Twp - Sector 12,TRUE
Steel Plant Twp - Sector 3 ,Steel Plant Twp - Sector 3 ,TRUE
Steel Plant Twp - Sector 5 ,Steel Plant Twp - Sector 5 ,TRUE
Steel Plant Twp - Sector 6 ,Steel Plant Twp - Sector 6 ,TRUE
Steel Plant Twp - Sector 8 ,Steel Plant Twp - Sector 8 ,TRUE
Steel Plant Twp - Sector 9 ,Steel Plant Twp - Sector 9 ,TRUE
Steel Plant Twp - SriChaitanya Jr. College,Steel Plant Twp - SriChaitanya Jr. College,TRUE
Steel Plant Twp - T & DC ,Steel Plant Twp - T & DC ,TRUE
Steel Plant Twp - Ukkunagaram ,Steel Plant Twp - Ukkunagaram ,TRUE
Sujatha Nagar ,Sujatha Nagar ,TRUE
Sujatha Nagar (Purushotham Bus Stop),Sujatha Nagar (Purushotham Bus Stop),TRUE
Sundar Nagar,Sundar Nagar,TRUE
Sundarayya Colony Bus Terminal,Sundarayya Colony Bus Terminal,TRUE
Surireddipalem,Surireddipalem,TRUE
SVLNS Government Stop,SVLNS Government Stop,TRUE
Dhanunjaya Near Swarna Bharathi Indoor Stadium,Dhanunjaya Near Swarna Bharathi Indoor Stadium,TRUE
Dhanunjaya Near Swarna Bharathi Indoor Stadium,Swarna Bharathi Indoor Stadium,FALSE
Swarna Bharathi Indoor Stadium,Swarna Bharathi Indoor Stadium,TRUE
Swatantra Nagar,Swatantra Nagar,TRUE
Swayambuvaram,Swayambuvaram,TRUE
Tagarapuvalasa (Near Tata Theatre),Tagarapuvalasa,FALSE
Tagarapuvalasa Highway,Tagarapuvalasa,FALSE
Tagarapuvalasa RTC Complex,Tagarapuvalasa,FALSE
Tagarapuvalasa (Near Tata Theatre),Tagarapuvalasa (Near Tata Theatre),TRUE
Tagarapuvalasa Highway,Tagarapuvalasa Highway,TRUE
Tagarapuvalasa RTC Complex,Tagarapuvalasa RTC Complex,TRUE
Tallapalem,Tallapalem,TRUE
Tallavalasa,Tallavalasa,TRUE
Tallavalasa NH16 Connecting Road (Degree College Stop),Tallavalasa NH16 Connecting Road (Degree College Stop),TRUE
Tarakarama ,Tarakarama ,TRUE
Tarluwada,Tarluwada,TRUE
Tavvavanipalem,Tavvavanipalem,TRUE
Temapuram Bus Station,Temapuram Bus Station,TRUE
Tenneti Nagar (48A Bus Stop),Tenneti Nagar (48A Bus Stop),TRUE
Tenneti Park (On Request),Tenneti Park (On Request),TRUE
Thanam,Thanam,TRUE
Thanam Junction,Thanam,FALSE
Thatichetlapalem,Thatichetlapalem,TRUE
Thatichetlapalem (Boyapalem),Thatichetlapalem,FALSE
Thotagaruvu,Thotagaruvu,TRUE
Thummapala ,Thummapala ,TRUE
Tikkavanipalem,Tikkavanipalem,TRUE
Timmapuram,Timmapuram,TRUE
Timmarajupeta,Timmarajupeta,TRUE
Town Kotharoad,Town Kotharoad,TRUE
Town Kotharoad Junction,Town Kotharoad,FALSE
Tummikapalli Gate,Tummikapalli Gate,TRUE
Tungalam ,Tungalam ,TRUE
Tunivalasa ,Tunivalasa ,TRUE
Two Town (Women's College),Two Town (Women's College),TRUE
Tyda ,Tyda ,TRUE
Uppada,Uppada,TRUE
Urvasi NH ,Urvasi,FALSE
Urvasi Theatre,Urvasi,FALSE
Ushodaya Junction,Ushodaya Junction,TRUE
VadaCheepurupalli West,VadaCheepurupalli West,TRUE
Vaddadi,Vaddadi,TRUE
Vaddimetta ,Vaddimetta ,TRUE
Vadlapudi Junction,Vadlapudi,FALSE
Vadlapudi Railway Quarters,Vadlapudi,FALSE
Vadlapudi Towards Kurmannapalem,Vadlapudi,FALSE
Valandapeta ,Valandapeta ,TRUE
Vambay Colony (Near Gajuwaka),Vambay Colony (Near Gajuwaka),TRUE
Vangali,Vangali,TRUE
Varada,Varada,TRUE
Varada Santapalem,Varada Santapalem,TRUE
Lawsons Bay (Towards Vuda Park),Lawsons Bay (Towards Vuda Park),TRUE
Lawsons Bay (Towards Vuda Park),Vasavanipalem,FALSE
Vechalam,Vechalam,TRUE
Vedullanarava,Vedullanarava,TRUE
Vellanki  ,Vellanki  ,TRUE
Vellanki Local Road,Vellanki  ,FALSE
Vellanki NH16 Connecting Road,Vellanki NH16 Connecting Road,TRUE
Vellanki Village ,Vellanki Village ,TRUE
Venkannapalem,Venkannapalem,TRUE
Old Bus Stand (Venkannapalem),Old Bus Stand (Venkannapalem),TRUE
Old Bus Stand (Venkannapalem),Venkannapalem,FALSE
Venkojipalem,Venkojipalem,TRUE
Venkojipalem(Towards Isukathota),Venkojipalem,FALSE
Vennalapalem ,Vennalapalem ,TRUE
Vepada,Vepada,TRUE
Vepagunta ,Vepagunta ,TRUE
Vepagunta (Near BRTS Road),Vepagunta ,FALSE
Vijayaramaraju peta,Vijayaramaraju peta,TRUE
Viman Nagar ,Viman Nagar ,TRUE
Virat Nagar,Virat Nagar,TRUE
Visakha Eye Hospital,Visakha Eye Hospital,TRUE
Visakhapatnam Airport ,Visakhapatnam Airport ,TRUE
Visakhapatnam Central Jail,Visakhapatnam Central Jail,TRUE
Visalakshi Nagar,Visalakshi Nagar,TRUE
Visalakshi Nagar (Near Police Quarters),Visalakshi Nagar (Near Police Quarters),TRUE
Visalakshi Nagar (Near Police Quarters),Visalakshi Nagar,FALSE
VITAM College,VITAM College,TRUE
Vivekananda Nagar,Vivekananda Nagar,TRUE
Viyyampeta (Government Hospital),Viyyampeta (Government Hospital),TRUE
Central Bus Station / Central Bus Station / Dwaraka Bus Station,Central Bus Station / Central Bus Station / Dwaraka Bus Station,TRUE
Central Bus Station / Dwaraka Bus Station - RTC Complex Complex,Central Bus Station / Dwaraka Bus Station - RTC Complex Complex,TRUE
RTC Complex,RTC Complex,TRUE
RTC Complex (222),RTC Complex (222),TRUE
"RTC Complex (25P,25D/V,60,60C,52D)","RTC Complex (25P,25D/V,60,60C,52D)",TRUE
"RTC Complex (6A, 400)","RTC Complex (6A, 400)",TRUE
RTC Complex LIC Building,RTC Complex LIC Building,TRUE
Vizag - RTC Complex,Vizag - RTC Complex,TRUE
Waltair Bus Depot,Waltair Bus Depot,TRUE
Central Bus Station / Central Bus Station / Dwaraka Bus Station,Vizag - RTC Complex,FALSE
Central Bus Station / Dwaraka Bus Station - RTC Complex Complex,Vizag - RTC Complex,FALSE
RTC Complex,Vizag - RTC Complex,FALSE
RTC Complex (222),Vizag - RTC Complex,FALSE
"RTC Complex (25P,25D/V,60,60C,52D)",Vizag - RTC Complex,FALSE
"RTC Complex (6A, 400)",Vizag - RTC Complex,FALSE
RTC Complex LIC Building,Vizag - RTC Complex,FALSE
Vizag - RTC Complex,Vizag - RTC Complex,TRUE
Waltair Bus Depot,Vizag - RTC Complex,FALSE
GVMC,Vizag - RTC Complex,FALSE
Vizag - RTC Complex InGate,Vizag - RTC Complex InGate,TRUE
Vizianagaram - RTC Complex,Vizianagaram - RTC Complex,TRUE
Vuda Colony ,Vuda Colony ,TRUE
Vuda Colony (Near Chinnamushudiwada),Vuda Colony (Near Chinnamushudiwada),TRUE
Chinnamushudiwada,Chinnamushudiwada,TRUE
Vuda Park,Vuda Park,TRUE
Vuda Park (The Park Hotel),Vuda Park (The Park Hotel),TRUE
Vutagedda,Vutagedda,TRUE
Waltair Railway Station ,Waltair Railway Station ,TRUE
Waltair Railway Station (Station Side),Waltair Railway Station ,FALSE
Woodpeta,Woodpeta,TRUE
Yadava Jaggaraju Peta,Yadava Jaggaraju Peta,TRUE
Yarada BC Colony,Yarada BC Colony,TRUE
Yarada Old Bus Stop,Yarada Old Bus Stop,TRUE
Yarada Village,Yarada Village,TRUE
Yeduruvada,Yeduruvada,TRUE
Yellamanchili ,Yellamanchili ,TRUE
Yerravanipalem,Yerravanipalem,TRUE
Z Junction towards Karnavanipalem,Z Junction towards Karnavanipalem,TRUE
Zilla Parishad Bus Station,Zilla Parishad Bus Station,
Zoo Park (Front Gate),Zoo Park,
Zoo Park (Back Gate),Zoo Park,
Vambay Colony (Near Gajuwaka),Ashok Nagar ,
Ashok Nagar ,Vambay Colony (Near Gajuwaka),
Fakeertakiya,Duvvada Bridge,
Duvvada Bridge,Fakeertakiya,
Kurmannapalem Bus Station,Purna Theatre (Kurmannapalem),
Purna Theatre (Kurmannapalem),Kurmannapalem Bus Station,
